id,label
1,madalinatugui
2,dragospopa05
3,teoirimia
4,alex_alexul
5,robert.palade
6,segalldan
7,iustinadumitru
8,iammorphines
9,milea.robert.1
10,turrrturica
11,irina.rvs
12,robert.frentz
13,ralucaandreeacristea
14,andreiafulga
15,vis.a.vis.iasi
16,boabazapacita
17,teobalan
18,tudor_das
19,ionutloghin29
20,vlad.dobrincu
21,drgvszi
22,cezar.bote
23,danutmacovei
24,ginalupu23
25,dumitru.ionut.37669
26,premierevertiasi
27,ade.dianaa
28,contour.handmade
29,laluna.ro
30,paraschiv_ioana
31,vlad.stefan1
32,expertnetwork
33,remus_capitanu
34,elenaluizaelena
35,cmunteanu92
36,larisa_ellena
37,ancaciurdea
38,tudor_stoian
39,harmonycafeiasi
40,_cinniminis_
41,lawrence.streetwear.ro
